{
    "7928-DTA_dta_1_filtered_bcs": 9656,
    "7928-DTA_dta_1_frac_reads_kept": 0.337564265737355,
    "7928-DTA_dta_1_introns_included": null,
    "7928-DTA_dta_1_pre_normalization_cmb_reads_per_filtered_bc": 19358.12210024855,
    "7928-DTA_dta_1_pre_normalization_feature_reads": 186922027,
    "7928-DTA_dta_1_pre_normalization_feature_reads_per_filtered_bc": 19358.12210024855,
    "7928-DTA_dta_1_pre_normalization_raw_reads_per_filtered_bc": 20381.463856669427,
    "7928-DTA_dta_1_pre_normalization_targeted_cmb_reads_per_filtered_bc": 19294.417149958575,
    "7935-Kir_control_1_filtered_bcs": 9651,
    "7935-Kir_control_1_frac_reads_kept": 0.4824655316097433,
    "7935-Kir_control_1_introns_included": null,
    "7935-Kir_control_1_pre_normalization_cmb_reads_per_filtered_bc": 13544.215936172417,
    "7935-Kir_control_1_pre_normalization_feature_reads": 130715228,
    "7935-Kir_control_1_pre_normalization_feature_reads_per_filtered_bc": 13544.215936172417,
    "7935-Kir_control_1_pre_normalization_raw_reads_per_filtered_bc": 14248.86747487307,
    "7935-Kir_control_1_pre_normalization_targeted_cmb_reads_per_filtered_bc": 13499.62915760025,
    "7936-Kir_control_2_filtered_bcs": 9706,
    "7936-Kir_control_2_frac_reads_kept": 0.5124611949685732,
    "7936-Kir_control_2_introns_included": null,
    "7936-Kir_control_2_pre_normalization_cmb_reads_per_filtered_bc": 12750.679991757675,
    "7936-Kir_control_2_pre_normalization_feature_reads": 123758100,
    "7936-Kir_control_2_pre_normalization_feature_reads_per_filtered_bc": 12750.679991757675,
    "7936-Kir_control_2_pre_normalization_raw_reads_per_filtered_bc": 13416.347929116011,
    "7936-Kir_control_2_pre_normalization_targeted_cmb_reads_per_filtered_bc": 12709.461364104678,
    "7937-Kir_control_3_filtered_bcs": 9696,
    "7937-Kir_control_3_frac_reads_kept": 0.5573003765240102,
    "7937-Kir_control_3_introns_included": null,
    "7937-Kir_control_3_pre_normalization_cmb_reads_per_filtered_bc": 11725.941728547854,
    "7937-Kir_control_3_pre_normalization_feature_reads": 113694731,
    "7937-Kir_control_3_pre_normalization_feature_reads_per_filtered_bc": 11725.941728547854,
    "7937-Kir_control_3_pre_normalization_raw_reads_per_filtered_bc": 12335.17172029703,
    "7937-Kir_control_3_pre_normalization_targeted_cmb_reads_per_filtered_bc": 11686.885622937294,
    "7938-Kir_kir_1_filtered_bcs": 9665,
    "7938-Kir_kir_1_frac_reads_kept": 0.4945781508526467,
    "7938-Kir_kir_1_introns_included": null,
    "7938-Kir_kir_1_pre_normalization_cmb_reads_per_filtered_bc": 13212.31484738748,
    "7938-Kir_kir_1_pre_normalization_feature_reads": 127697023,
    "7938-Kir_kir_1_pre_normalization_feature_reads_per_filtered_bc": 13212.31484738748,
    "7938-Kir_kir_1_pre_normalization_raw_reads_per_filtered_bc": 13868.748370408692,
    "7938-Kir_kir_1_pre_normalization_targeted_cmb_reads_per_filtered_bc": 13169.012312467667,
    "7939-Kir_kir_2_filtered_bcs": 9691,
    "7939-Kir_kir_2_frac_reads_kept": 0.5875037356405314,
    "7939-Kir_kir_2_introns_included": null,
    "7939-Kir_kir_2_pre_normalization_cmb_reads_per_filtered_bc": 11123.201836755752,
    "7939-Kir_kir_2_pre_normalization_feature_reads": 107794949,
    "7939-Kir_kir_2_pre_normalization_feature_reads_per_filtered_bc": 11123.201836755752,
    "7939-Kir_kir_2_pre_normalization_raw_reads_per_filtered_bc": 11697.49602724177,
    "7939-Kir_kir_2_pre_normalization_targeted_cmb_reads_per_filtered_bc": 11086.066969353007,
    "7940-Kir_kir_3_filtered_bcs": 9696,
    "7940-Kir_kir_3_frac_reads_kept": 0.5299622196658573,
    "7940-Kir_kir_3_introns_included": null,
    "7940-Kir_kir_3_pre_normalization_cmb_reads_per_filtered_bc": 12330.07157590759,
    "7940-Kir_kir_3_pre_normalization_feature_reads": 119552374,
    "7940-Kir_kir_3_pre_normalization_feature_reads_per_filtered_bc": 12330.07157590759,
    "7940-Kir_kir_3_pre_normalization_raw_reads_per_filtered_bc": 12964.402537128713,
    "7940-Kir_kir_3_pre_normalization_targeted_cmb_reads_per_filtered_bc": 12289.754847359736,
    "8112-DD3_filtered_bcs": 9515,
    "8112-DD3_frac_reads_kept": 0.7594691146255516,
    "8112-DD3_introns_included": null,
    "8112-DD3_pre_normalization_cmb_reads_per_filtered_bc": 8601.436363636363,
    "8112-DD3_pre_normalization_feature_reads": 81842667,
    "8112-DD3_pre_normalization_feature_reads_per_filtered_bc": 8601.436363636363,
    "8112-DD3_pre_normalization_raw_reads_per_filtered_bc": 9026.00662112454,
    "8112-DD3_pre_normalization_targeted_cmb_reads_per_filtered_bc": 8575.866526537047,
    "8693-DC1_filtered_bcs": 9716,
    "8693-DC1_frac_reads_kept": 0.7974824929667833,
    "8693-DC1_introns_included": null,
    "8693-DC1_pre_normalization_cmb_reads_per_filtered_bc": 8194.55938657884,
    "8693-DC1_pre_normalization_feature_reads": 79618339,
    "8693-DC1_pre_normalization_feature_reads_per_filtered_bc": 8194.55938657884,
    "8693-DC1_pre_normalization_raw_reads_per_filtered_bc": 8638.313503499383,
    "8693-DC1_pre_normalization_targeted_cmb_reads_per_filtered_bc": 8167.083058871964,
    "8694-DC2_filtered_bcs": 9465,
    "8694-DC2_frac_reads_kept": 1.0,
    "8694-DC2_introns_included": null,
    "8694-DC2_pre_normalization_cmb_reads_per_filtered_bc": 6534.460644479662,
    "8694-DC2_pre_normalization_feature_reads": 61848670,
    "8694-DC2_pre_normalization_feature_reads_per_filtered_bc": 6534.460644479662,
    "8694-DC2_pre_normalization_raw_reads_per_filtered_bc": 6858.763021658743,
    "8694-DC2_pre_normalization_targeted_cmb_reads_per_filtered_bc": 6513.1057580559955,
    "8695-DC3_filtered_bcs": 9495,
    "8695-DC3_frac_reads_kept": 0.9777793977928156,
    "8695-DC3_introns_included": null,
    "8695-DC3_pre_normalization_cmb_reads_per_filtered_bc": 6683.398736176935,
    "8695-DC3_pre_normalization_feature_reads": 63458871,
    "8695-DC3_pre_normalization_feature_reads_per_filtered_bc": 6683.398736176935,
    "8695-DC3_pre_normalization_raw_reads_per_filtered_bc": 7032.362506582412,
    "8695-DC3_pre_normalization_targeted_cmb_reads_per_filtered_bc": 6661.119852553976,
    "8696-DD2_filtered_bcs": 9592,
    "8696-DD2_frac_reads_kept": 0.830105659534362,
    "8696-DD2_introns_included": null,
    "8696-DD2_pre_normalization_cmb_reads_per_filtered_bc": 7872.873331943286,
    "8696-DD2_pre_normalization_feature_reads": 75516601,
    "8696-DD2_pre_normalization_feature_reads_per_filtered_bc": 7872.873331943286,
    "8696-DD2_pre_normalization_raw_reads_per_filtered_bc": 8276.482068390325,
    "8696-DD2_pre_normalization_targeted_cmb_reads_per_filtered_bc": 7846.116555462886,
    "batches": [
        "7928-DTA_dta_1",
        "7935-Kir_control_1",
        "7936-Kir_control_2",
        "7937-Kir_control_3",
        "7938-Kir_kir_1",
        "7939-Kir_kir_2",
        "7940-Kir_kir_3",
        "8112-DD3",
        "8693-DC1",
        "8694-DC2",
        "8695-DC3",
        "8696-DD2"
    ],
    "chemistry_barcode": [
        {
            "kind": "gel_bead",
            "length": 16,
            "offset": 0,
            "read_type": "R1",
            "whitelist": {
                "name": "737K-fixed-rna-profiling"
            }
        },
        {
            "kind": "right_probe",
            "length": 8,
            "offset": 68,
            "read_type": "R2",
            "whitelist": {
                "name": "probe-barcodes-fixed-rna-profiling"
            }
        }
    ],
    "chemistry_description": "Fixed RNA Profiling",
    "chemistry_endedness": "three_prime",
    "chemistry_name": "MFRP",
    "chemistry_rna": {
        "length": 50,
        "min_length": 50,
        "offset": 0,
        "read_type": "R2"
    },
    "chemistry_rna2": null,
    "chemistry_strandedness": "-",
    "chemistry_umi": [
        {
            "length": 12,
            "min_length": 10,
            "offset": 16,
            "read_type": "R1",
            "whitelist": null
        }
    ],
    "filtered_bcs_transcriptome_union": 115544,